EC	count
1.10.3.15	1
1.10.3.16	3
1.10.3.4	2
1.10.3.9	3314
1.1.1.1	5558
1.1.1.100	59070
1.1.1.103	13546
1.1.1.107	2
1.1.1.108	6564
1.1.1.11	3
1.11.1.1	5
1.11.1.10	5
1.11.1.16	1
1.11.1.17	1
1.11.1.18	2
1.1.1.119	1
1.11.1.19	2
1.1.1.120	1
1.11.1.21	36210
1.1.1.122	0
1.11.1.22	2
1.11.1.23	2
1.1.1.124	1
1.11.1.24	31264
1.11.1.26	21778
1.1.1.127	3
1.11.1.27	17632
1.11.1.28	7526
1.11.1.29	3
1.1.1.130	2058
1.1.1.132	2978
1.1.1.133	72160
1.1.1.135	1
1.1.1.136	1
1.1.1.14	3
1.1.1.140	2
1.1.1.144	2
1.1.1.145	2
1.11.1.5	3
1.1.1.157	9
1.1.1.159	3
1.1.1.16	3
1.11.1.6	49490
1.1.1.163	2
1.1.1.169	65492
1.1.1.17	10034
1.11.1.7	50
1.1.1.175	1
1.1.1.176	1
1.1.1.179	1
1.1.1.18	7234
1.1.1.184	1
1.11.1.9	2648
1.1.1.192	2
1.1.1.193	59776
1.1.1.194	1
1.1.1.2	9
1.1.1.201	4
1.1.1.202	2
1.1.1.203	3
1.1.1.205	57910
1.1.1.212	1
1.1.1.215	3
1.1.1.218	1
1.1.1.219	1
1.1.1.22	76870
1.1.1.23	58244
1.1.1.233	1
1.1.1.237	2
1.1.1.24	3
1.11.2.4	2
1.1.1.243	1
1.1.1.244	1
1.1.1.25	59016
1.11.2.5	1
1.1.1.251	2
1.1.1.256	1
1.1.1.257	2
1.1.1.261	190
1.1.1.262	26478
1.1.1.264	1
1.1.1.266	1
1.1.1.267	61980
1.1.1.268	1
1.1.1.269	1
1.1.1.27	21498
1.1.1.271	28034
1.1.1.274	2
1.1.1.276	2
1.1.1.28	1100
1.1.1.281	2
1.1.1.282	1338
1.1.1.283	1
1.1.1.284	22482
1.1.1.29	3
1.1.1.290	12008
1.1.1.291	1
1.1.1.292	2
1.1.1.298	1322
1.1.1.3	83514
1.1.1.30	2
1.1.1.301	1
1.1.1.302	232
1.1.1.304	5418
1.1.1.305	5034
1.1.1.306	1
1.1.1.308	778
1.1.1.309	1
1.1.1.31	13262
1.1.1.310	1
1.1.1.311	1
1.1.1.312	1
1.1.1.313	3
1.1.1.320	2
1.1.1.325	1
1.1.1.327	1
1.1.1.328	1
1.1.1.329	7
1.1.1.333	4
1.1.1.335	1
1.1.1.336	3258
1.1.1.338	1
1.1.1.339	1
1.1.1.340	3
1.1.1.341	3
1.1.1.342	1
1.1.1.343	2
1.1.1.344	1
1.1.1.346	10
1.1.1.347	1
1.1.1.35	73356
1.1.1.350	2
1.1.1.355	1
1.1.1.356	1
1.1.1.36	9
1.1.1.361	1
1.1.1.362	1
1.1.1.363	2
1.1.1.364	2
1.1.1.367	1
1.1.1.368	1
1.1.1.369	948
1.1.1.37	51532
1.1.1.370	1
1.1.1.371	2
1.1.1.373	1922
1.1.1.376	1
1.1.1.38	13306
1.1.1.381	6
1.1.1.382	2
1.1.1.383	2
1.1.1.384	2
1.1.1.385	3
1.1.1.387	1
1.1.1.389	0
1.1.1.39	1
1.1.1.390	1
1.1.1.391	2
1.1.1.392	1
1.1.1.393	1
1.1.1.394	1
1.1.1.395	2
1.1.1.397	1
1.1.1.398	1
1.1.1.399	49218
1.1.1.4	3
1.1.1.40	6
1.1.1.400	1
1.1.1.401	2
1.1.1.402	1
1.1.1.403	1
1.1.1.404	1
1.1.1.405	1470
1.1.1.407	1
1.1.1.408	468
1.1.1.409	1
1.1.1.410	2
1.1.1.411	5
1.1.1.412	3
1.1.1.413	1
1.1.1.414	1
1.1.1.42	70654
1.1.1.420	2
1.1.1.421	4
1.1.1.44	37240
1.1.1.47	9
1.1.1.48	2
1.1.1.49	61452
1.1.1.50	1
1.1.1.51	1
1.1.1.52	1
1.1.1.53	4
1.1.1.56	1
1.1.1.57	2
1.1.1.58	2760
1.1.1.6	8
1.1.1.60	2384
1.1.1.61	1
1.1.1.65	1
1.1.1.67	1
1.1.1.69	2
1.1.1.76	1
1.1.1.77	2
1.1.1.79	5594
1.1.1.80	3
1.1.1.81	5602
1.1.1.83	17006
1.1.1.85	56884
1.1.1.86	55014
1.1.1.87	2
1.1.1.88	10244
1.1.1.9	6
1.1.1.90	2
1.1.1.93	4094
1.1.1.94	70240
1.1.1.95	53456
1.1.1.n4	1
1.12.1.2	8
1.12.1.3	4
1.12.2.1	342
1.12.5.1	2
1.1.2.6	2
1.1.2.7	500
1.12.7.2	5
1.1.2.8	2
1.1.2.9	1
1.12.99.6	5740
1.13.11.1	5914
1.13.11.11	16406
1.13.11.12	0
1.13.11.15	1
1.13.11.16	3146
1.13.11.2	2788
1.13.11.20	1
1.13.11.24	14
1.13.11.25	3
1.13.11.27	6
1.13.11.29	1
1.13.11.3	6
1.13.11.33	1
1.13.11.37	2
1.13.11.38	1
1.13.11.39	8
1.13.11.4	4
1.13.11.43	1
1.13.11.46	1
1.13.11.47	1
1.13.11.48	1
1.13.11.49	2
1.13.11.5	9770
1.13.11.50	1
1.13.11.53	10300
1.13.11.54	11596
1.13.11.56	5
1.13.11.57	1
1.13.11.58	0
1.13.11.6	6632
1.13.11.61	1
1.13.11.63	2114
1.13.11.64	1
1.13.11.66	1
1.13.11.72	1
1.13.11.74	2
1.13.11.75	1
1.13.11.76	1
1.13.11.77	0
1.13.11.78	1
1.13.11.79	4
1.13.11.8	2
1.13.11.80	2
1.13.11.81	4
1.13.11.82	1
1.13.11.83	1
1.13.11.9	1
1.13.11.91	1
1.1.3.12	1
1.13.12.19	4174
1.13.12.21	1
1.13.12.22	1
1.13.12.23	1
1.13.12.3	138
1.13.12.4	2
1.13.12.9	1
1.1.3.17	1
1.1.3.21	2442
1.1.3.41	2
1.1.3.43	1
1.1.3.44	1
1.1.3.45	1
1.1.3.46	1
1.1.3.47	1
1.1.3.48	1
1.1.3.6	4
1.14.11.1	1476
1.14.11.17	2
1.14.11.21	2
1.14.11.26	2
1.14.11.28	0
1.14.11.33	4
1.14.11.35	3
1.14.11.36	3
1.14.11.37	1
1.14.11.39	1
1.14.11.40	1
1.14.11.41	1
1.14.11.43	1
1.14.11.44	1
1.14.11.45	1
1.14.11.46	1
1.14.11.47	1
1.14.11.49	1
1.14.11.52	1
1.14.11.55	5542
1.14.11.56	2
1.14.11.57	1
1.14.11.64	2480
1.14.12.1	4
1.14.12.10	2
1.14.12.11	4
1.14.12.12	5
1.14.12.13	2
1.14.12.14	2
1.14.12.15	6
1.14.12.17	26642
1.14.12.18	9
1.14.12.19	1138
1.14.12.22	2
1.14.12.24	1
1.14.12.25	1
1.14.12.3	6
1.14.12.7	2
1.14.13.1	2
1.14.13.10	1
1.14.13.105	1
1.14.13.106	1
1.14.13.107	1
1.14.13.111	4
1.14.13.113	6
1.14.13.114	3
1.14.13.127	2242
1.14.13.128	1
1.14.13.130	1
1.14.13.131	1
1.14.13.149	1
1.14.13.154	1
1.14.13.16	1
1.14.13.160	1
1.14.13.163	2
1.14.13.166	2
1.14.13.167	1
1.14.13.170	2
1.14.13.171	1
1.14.13.172	2
1.14.13.178	1
1.14.13.179	1
1.14.13.180	3
1.14.13.181	3
1.14.13.182	5
1.14.13.189	1
1.14.13.195	2
1.14.13.2	3
1.14.13.20	2
1.14.13.208	1292
1.14.13.209	1
1.14.13.210	1
1.14.13.217	1
1.14.13.218	1
1.14.13.22	1
1.14.13.220	1
1.14.13.222	1
1.14.13.224	1
1.14.13.227	2528
1.14.13.23	1
1.14.13.231	4
1.14.13.232	2
1.14.13.233	1
1.14.13.234	1
1.14.13.236	3
1.14.13.239	3092
1.14.13.24	5
1.14.13.240	3
1.14.13.25	8
1.14.13.29	3
1.14.13.33	1
1.14.13.38	2
1.14.13.50	1
1.14.13.59	11544
1.14.13.69	3
1.14.13.7	10
1.14.13.81	3472
1.14.13.82	2
1.14.13.83	1
1.14.13.84	1
1.14.13.9	4292
1.14.13.92	1
1.14.14.1	3970
1.14.14.10	1
1.14.14.108	1
1.14.14.11	2
1.14.14.12	3
1.14.14.13	2
1.14.14.133	1
1.14.14.154	4
1.14.14.155	1
1.14.14.18	2280
1.14.14.3	626
1.14.14.30	1
1.14.14.35	2
1.14.14.46	1
1.14.14.47	4108
1.14.14.5	12856
1.14.14.51	1
1.14.14.52	1
1.14.14.8	1
1.14.14.84	1
1.14.14.9	8
1.14.15.1	1
1.14.15.11	1
1.14.15.13	1
1.14.15.14	3
1.14.15.15	1
1.14.15.22	1
1.14.15.23	1
1.14.15.24	3
1.14.15.28	6
1.14.15.29	5
1.14.15.3	7
1.14.15.30	10
1.14.15.31	1
1.14.15.32	1
1.14.15.33	1
1.14.15.34	1
1.14.15.35	1
1.14.15.8	1
1.14.15.9	1
1.14.16.1	10216
1.14.16.7	1
1.14.18.1	5
1.14.18.3	2
1.14.19.3	1
1.14.19.49	1
1.14.19.56	1
1.14.19.6	2
1.14.19.69	2
1.14.19.70	2
1.14.19.77	1
1.14.19.8	2
1.14.19.9	2
1.14.19.n4	2
1.14.20.1	2
1.14.20.3	1
1.14.20.7	4174
1.14.99.15	1
1.14.99.39	2
1.14.99.44	1
1.14.99.46	3924
1.14.99.48	250
1.14.99.50	4438
1.14.99.53	2
1.14.99.54	1
1.14.99.57	2
1.14.99.58	2
1.14.99.60	12668
1.14.99.61	1
1.14.99.62	1
1.14.99.63	2
1.14.99.65	1
1.1.5.11	1
1.15.1.1	95254
1.1.5.12	7892
1.15.1.2	5086
1.1.5.13	2288
1.1.5.2	3
1.1.5.3	45148
1.1.5.4	26968
1.1.5.5	7
1.1.5.8	2
1.16.1.1	8316
1.16.1.7	2
1.16.1.9	1
1.16.3.1	28142
1.16.3.2	25444
1.1.7.1	3
1.17.1.4	122
1.17.1.5	4
1.17.1.8	60818
1.17.1.9	12496
1.17.2.1	2
1.17.2.2	1
1.17.2.3	1
1.17.4.1	125912
1.17.4.2	2112
1.17.5.2	3
1.17.5.3	1
1.17.7.1	1228
1.17.7.3	57538
1.17.7.4	59526
1.17.8.1	3
1.17.9.1	1
1.17.98.2	1
1.17.98.4	1
1.17.99.6	48432
1.18.1.1	6
1.18.1.2	49936
1.18.1.3	686
1.18.1.5	1
1.18.1.7	2
1.18.6.1	26636
1.1.9.1	3
1.19.1.1	3428
1.1.98.2	2322
1.1.98.3	3
1.1.98.6	3
1.1.99.1	14476
1.1.99.11	1
1.1.99.14	6
1.1.99.22	4
1.1.99.28	1
1.1.99.3	3
1.1.99.30	1
1.1.99.31	1
1.1.99.32	1
1.1.99.35	1
1.1.99.36	2
1.1.99.37	2
1.1.99.38	1
1.1.99.42	1
1.20.1.1	1
1.20.4.1	28414
1.20.4.3	2
1.20.4.4	3164
1.20.9.1	4
1.2.1.10	13680
1.2.1.100	1
1.2.1.103	580
1.2.1.11	66902
1.2.1.12	7114
1.2.1.16	3
1.2.1.19	2898
1.2.1.21	1
1.2.1.22	1
1.2.1.24	2
1.2.1.26	5
1.2.1.27	3778
1.2.1.28	5
1.2.1.3	20054
1.2.1.30	0
1.21.3.1	8
1.2.1.32	1
1.2.1.38	60782
1.2.1.39	2
1.2.1.4	3
1.2.1.41	61452
1.21.4.1	2
1.21.4.2	2696
1.21.4.3	2686
1.21.4.4	2686
1.21.4.5	1
1.2.1.46	2
1.2.1.48	1
1.2.1.5	2
1.2.1.50	3434
1.2.1.58	5
1.2.1.59	18
1.2.1.62	1
1.2.1.65	2
1.2.1.67	3
1.2.1.68	3
1.2.1.69	1
1.2.1.7	1
1.2.1.70	48378
1.2.1.71	10900
1.2.1.72	4414
1.2.1.73	1
1.2.1.76	1
1.2.1.77	1
1.2.1.78	1
1.2.1.79	20
1.2.1.8	18118
1.2.1.80	1074
1.2.1.81	1
1.2.1.83	1
1.2.1.85	2
1.2.1.86	1
1.2.1.87	740
1.2.1.88	40154
1.2.1.9	2
1.2.1.91	1
1.2.1.92	1
1.2.1.96	1
1.2.1.97	1
1.2.1.98	1
1.21.98.1	9656
1.21.98.2	1
1.21.98.3	4
1.21.98.4	10564
1.2.1.n2	1
1.2.3.3	2
1.2.4.1	86148
1.2.4.2	13024
1.2.4.4	14420
1.2.5.1	8490
1.2.5.2	4
1.2.5.3	6
1.2.7.1	274
1.2.7.10	3
1.2.7.3	2
1.2.7.4	5060
1.2.98.1	2
1.2.99.10	3
1.2.99.6	6
1.2.99.7	1
1.3.1.1	7
1.3.1.103	1
1.3.1.104	1
1.3.1.106	3
1.3.1.108	3
1.3.1.113	1
1.3.1.114	1
1.3.1.115	1
1.3.1.116	1
1.3.1.12	11748
1.3.1.120	1
1.3.1.14	5774
1.3.1.19	1
1.3.1.25	2
1.3.1.28	3
1.3.1.29	3
1.3.1.31	1
1.3.1.32	1882
1.3.1.33	1536
1.3.1.34	2
1.3.1.39	590
1.3.1.43	1
1.3.1.44	10966
1.3.1.49	0
1.3.1.53	2
1.3.1.54	5
1.3.1.56	6
1.3.1.58	2
1.3.1.6	1
1.3.1.60	2
1.3.1.70	1
1.3.1.76	41472
1.3.1.83	2884
1.3.1.84	3
1.3.1.85	1
1.3.1.86	2
1.3.1.87	470
1.3.1.9	62662
1.3.1.91	24302
1.3.1.95	1
1.3.1.98	77598
1.3.1.n3	1
1.3.3.11	10174
1.3.3.13	1
1.3.3.14	1
1.3.3.15	19332
1.3.3.3	32354
1.3.5.1	48634
1.3.5.2	45234
1.3.5.3	5474
1.3.5.4	21264
1.3.5.5	1108
1.3.5.6	1120
1.3.7.1	1
1.3.7.15	1226
1.3.7.2	246
1.3.7.3	574
1.3.7.5	1228
1.3.7.7	8466
1.3.7.8	4
1.3.8.1	6
1.3.8.10	1
1.3.8.11	1
1.3.8.12	1
1.3.8.13	1480
1.3.8.14	3
1.3.8.16	1
1.3.8.2	1
1.3.8.3	1
1.3.8.7	18158
1.3.8.8	18186
1.3.98.1	3154
1.3.98.3	31702
1.3.98.4	1
1.3.98.5	58
1.3.98.6	2
1.3.99.16	2
1.3.99.26	1
1.3.99.27	5
1.3.99.28	2
1.3.99.29	1
1.3.99.31	3
1.3.99.32	1
1.3.99.33	2892
1.3.99.36	1
1.3.99.38	3
1.3.99.4	5
1.3.99.5	1
1.3.99.n1	4
1.4.1.1	37984
1.4.1.11	2
1.4.1.12	1
1.4.1.13	3020
1.4.1.16	6486
1.4.1.17	2
1.4.1.18	1
1.4.1.2	37684
1.4.1.20	5
1.4.1.21	7946
1.4.1.23	2154
1.4.1.25	1
1.4.1.26	1
1.4.1.3	4
1.4.1.4	11
1.4.1.9	6
1.4.3.10	1
1.4.3.16	50724
1.4.3.19	8
1.4.3.2	1
1.4.3.20	1
1.4.3.21	5812
1.4.3.22	1
1.4.3.23	2
1.4.3.24	1
1.4.3.26	4
1.4.3.3	2
1.4.3.5	36896
1.4.4.2	73744
1.4.5.1	3
1.4.7.1	2
1.4.9.1	724
1.4.9.2	2
1.4.99.5	6
1.4.99.6	1
1.5.1.1	1
1.5.1.11	3
1.5.1.16	3
1.5.1.19	2
1.5.1.2	73424
1.5.1.20	74314
1.5.1.21	3
1.5.1.24	3
1.5.1.28	1
1.5.1.3	47864
1.5.1.30	1
1.5.1.34	1
1.5.1.36	1756
1.5.1.37	3
1.5.1.38	8
1.5.1.39	1
1.5.1.41	4
1.5.1.42	2400
1.5.1.43	2
1.5.1.45	1
1.5.1.47	1
1.5.1.49	13
1.5.1.5	77430
1.5.1.50	18
1.5.1.51	1
1.5.1.52	1
1.5.3.1	6384
1.5.3.10	1
1.5.3.19	1
1.5.3.21	1
1.5.3.6	1
1.5.5.1	26460
1.5.5.2	39306
1.5.8.1	1
1.5.8.2	1
1.5.99.14	3
1.6.1.1	6906
1.6.2.4	3970
1.6.3.4	2
1.6.3.5	2378
1.6.5.10	4
1.6.5.12	1
1.6.5.2	15034
1.6.5.5	3
1.6.5.6	1
1.6.5.7	1
1.6.5.9	42
1.6.99.1	1898
1.7.1.13	39008
1.7.1.15	5
1.7.1.16	2
1.7.1.17	43662
1.7.1.4	3
1.7.1.6	1
1.7.1.7	12948
1.7.2.1	10252
1.7.2.2	9902
1.7.2.3	6860
1.7.2.4	3360
1.7.2.5	2
1.7.2.6	1
1.7.2.7	2
1.7.2.8	1
1.7.3.3	6544
1.7.5.1	15818
1.7.7.1	2
1.7.99.1	16412
1.8.1.14	342
1.8.1.15	2
1.8.1.16	1
1.8.1.2	17558
1.8.1.20	1
1.8.1.4	100772
1.8.1.5	1
1.8.1.7	9232
1.8.1.8	19418
1.8.1.9	67932
1.8.2.2	4
1.8.2.3	2
1.8.2.4	1
1.8.3.4	2562
1.8.3.7	3
1.8.4.10	59
1.8.4.11	99208
1.8.4.12	82730
1.8.4.13	1
1.8.4.14	1
1.8.4.8	16186
1.8.5.3	4
1.8.5.4	2
1.8.5.5	1
1.8.5.6	1
1.8.5.7	2
1.8.7.1	15724
1.8.7.2	3838
1.8.99.2	1
1.8.99.5	4
1.9.6.1	8450
1.97.1.1	2
1.97.1.12	3756
1.97.1.2	2
1.97.1.4	18724
1.97.1.9	3
2.10.1.1	81556
2.1.1.10	3
2.1.1.101	1
2.1.1.102	1
2.1.1.106	1
2.1.1.107	12038
2.1.1.11	2
2.1.1.113	25228
2.1.1.13	48836
2.1.1.130	3542
2.1.1.131	4
2.1.1.132	4
2.1.1.133	6
2.1.1.137	3
2.1.1.14	28844
2.1.1.144	8708
2.1.1.148	25194
2.1.1.15	1
2.1.1.151	2088
2.1.1.152	3118
2.1.1.156	4
2.1.1.157	3
2.1.1.161	1
2.1.1.163	55050
2.1.1.164	1
2.1.1.166	26236
2.1.1.17	1
2.1.1.170	29256
2.1.1.171	13152
2.1.1.172	9724
2.1.1.173	12958
2.1.1.174	8904
2.1.1.176	33314
2.1.1.177	48774
2.1.1.178	4896
2.1.1.179	786
2.1.1.180	3
2.1.1.181	10834
2.1.1.182	69480
2.1.1.184	770
2.1.1.185	14966
2.1.1.186	9274
2.1.1.187	1
2.1.1.188	1
2.1.1.189	4370
2.1.1.190	16214
2.1.1.191	3894
2.1.1.192	64064
2.1.1.193	76696
2.1.1.195	13822
2.1.1.196	3
2.1.1.197	17388
2.1.1.198	69194
2.1.1.199	75308
2.1.1.200	27904
2.1.1.201	28254
2.1.1.207	47176
2.1.1.208	1
2.1.1.209	1
2.1.1.210	3
2.1.1.215	34
2.1.1.217	1
2.1.1.220	8584
2.1.1.222	24984
2.1.1.223	10966
2.1.1.224	392
2.1.1.226	2
2.1.1.227	2
2.1.1.228	73586
2.1.1.230	3
2.1.1.234	1
2.1.1.235	1
2.1.1.237	1
2.1.1.238	1
2.1.1.239	1
2.1.1.242	13598
2.1.1.243	1
2.1.1.250	2
2.1.1.254	1
2.1.1.255	4
2.1.1.256	1
2.1.1.258	1
2.1.1.264	12958
2.1.1.265	1
2.1.1.266	20856
2.1.1.269	2
2.1.1.271	3
2.1.1.272	1
2.1.1.281	1
2.1.1.284	1
2.1.1.285	1
2.1.1.288	2
2.1.1.289	3
2.1.1.292	2
2.1.1.294	2
2.1.1.295	1
2.1.1.297	68936
2.1.1.298	13424
2.1.1.301	1
2.1.1.302	1
2.1.1.303	1
2.1.1.304	1
2.1.1.305	1
2.1.1.306	1
2.1.1.307	1
2.1.1.308	1
2.1.1.315	1
2.1.1.316	1
2.1.1.324	1
2.1.1.327	1
2.1.1.328	1
2.1.1.329	1118
2.1.1.33	59688
2.1.1.331	1
2.1.1.332	1
2.1.1.333	1
2.1.1.334	4060
2.1.1.335	1
2.1.1.34	10322
2.1.1.341	1
2.1.1.342	1
2.1.1.343	1
2.1.1.344	1
2.1.1.347	0
2.1.1.35	11398
2.1.1.351	1
2.1.1.365	1
2.1.1.37	89438
2.1.1.374	5
2.1.1.38	1
2.1.1.44	4312
2.1.1.45	54960
2.1.1.47	1
2.1.1.6	1
2.1.1.61	15722
2.1.1.63	97640
2.1.1.64	24984
2.1.1.67	7900
2.1.1.72	179974
2.1.1.74	20750
2.1.1.77	32890
2.1.1.79	15
2.1.1.80	36822
2.1.1.n11	4
2.1.2.1	82720
2.1.2.10	54716
2.1.2.11	64290
2.1.2.13	5034
2.1.2.2	62154
2.1.2.3	61010
2.1.2.5	7956
2.1.2.9	79984
2.1.3.1	3
2.1.3.10	2
2.1.3.11	4574
2.1.3.12	1
2.1.3.15	102358
2.1.3.2	69938
2.1.3.3	64370
2.1.3.6	434
2.1.3.9	1162
2.1.4.2	4
2.1.4.3	1
2.2.1.1	66194
2.2.1.10	644
2.2.1.12	2
2.2.1.13	4
2.2.1.2	65164
2.2.1.5	922
2.2.1.6	131678
2.2.1.7	69362
2.2.1.8	1
2.2.1.9	23436
2.3.1.1	61738
2.3.1.101	2102
2.3.1.102	1
2.3.1.109	2700
2.3.1.111	1
2.3.1.117	35824
2.3.1.118	2
2.3.1.12	30198
2.3.1.122	3920
2.3.1.129	27668
2.3.1.136	1
2.3.1.15	15476
2.3.1.157	53930
2.3.1.16	13308
2.3.1.168	4
2.3.1.169	1
2.3.1.174	19328
2.3.1.178	8062
2.3.1.179	71406
2.3.1.18	2
2.3.1.180	68736
2.3.1.181	52996
2.3.1.182	19910
2.3.1.183	5
2.3.1.184	11780
2.3.1.187	1
2.3.1.189	7356
2.3.1.19	3
2.3.1.191	2922
2.3.1.193	6990
2.3.1.194	1
2.3.1.197	1
2.3.1.20	33940
2.3.1.200	188
2.3.1.201	1
2.3.1.202	1
2.3.1.203	2
2.3.1.204	3202
2.3.1.207	1
2.3.1.209	1
2.3.1.210	3500
2.3.1.222	10854
2.3.1.223	1
2.3.1.226	1
2.3.1.227	1
2.3.1.228	1
2.3.1.229	1
2.3.1.230	1
2.3.1.233	3
2.3.1.234	80096
2.3.1.236	1
2.3.1.237	1
2.3.1.239	2
2.3.1.240	2
2.3.1.241	12180
2.3.1.242	2786
2.3.1.243	5056
2.3.1.245	1630
2.3.1.246	3
2.3.1.247	3
2.3.1.251	3612
2.3.1.252	1
2.3.1.253	2
2.3.1.255	1
2.3.1.258	1
2.3.1.262	1
2.3.1.263	4
2.3.1.264	1
2.3.1.265	3
2.3.1.266	30370
2.3.1.267	5
2.3.1.269	50952
2.3.1.270	4
2.3.1.273	3
2.3.1.274	53936
2.3.1.275	53802
2.3.1.277	4
2.3.1.278	2
2.3.1.279	2
2.3.1.28	2786
2.3.1.280	2
2.3.1.282	1442
2.3.1.283	5
2.3.1.284	1
2.3.1.286	38860
2.3.1.287	5
2.3.1.288	5
2.3.1.29	21790
2.3.1.292	14
2.3.1.293	5
2.3.1.294	4
2.3.1.30	67028
2.3.1.31	34438
2.3.1.35	48578
2.3.1.37	10564
2.3.1.39	67938
2.3.1.40	3048
2.3.1.41	266
2.3.1.43	1
2.3.1.46	15586
2.3.1.47	20734
2.3.1.48	2
2.3.1.5	6
2.3.1.51	25808
2.3.1.53	1
2.3.1.54	21054
2.3.1.57	6
2.3.1.59	1
2.3.1.60	1
2.3.1.61	43946
2.3.1.74	1
2.3.1.75	3
2.3.1.79	2
2.3.1.8	19092
2.3.1.81	11990
2.3.1.82	3682
2.3.1.89	6146
2.3.1.9	34
2.3.1.n4	4
2.3.1.n5	1108
2.3.2.10	1
2.3.2.13	1278
2.3.2.16	14
2.3.2.17	2566
2.3.2.18	12
2.3.2.19	1
2.3.2.2	55834
2.3.2.20	1
2.3.2.21	2
2.3.2.22	5
2.3.2.26	1878
2.3.2.27	6082
2.3.2.28	1
2.3.2.29	20206
2.3.2.3	19380
2.3.2.30	5
2.3.2.6	34856
2.3.3.10	1
2.3.3.13	61428
2.3.3.14	4150
2.3.3.15	6
2.3.3.16	85100
2.3.3.18	1
2.3.3.19	1
2.3.3.20	2
2.3.3.3	3
2.3.3.5	9
2.3.3.9	43900
2.4.1.1	51456
2.4.1.10	13
2.4.1.109	13470
2.4.1.11	2
2.4.1.12	10516
2.4.1.122	1
2.4.1.129	246702
2.4.1.13	1214
2.4.1.14	2896
2.4.1.15	9162
2.4.1.152	1034
2.4.1.161	1
2.4.1.175	2
2.4.1.18	50996
2.4.1.180	3038
2.4.1.182	47256
2.4.1.187	6628
2.4.1.19	190
2.4.1.20	1
2.4.1.208	1
2.4.1.21	38454
2.4.1.211	3
2.4.1.212	7
2.4.1.213	3
2.4.1.216	1
2.4.1.226	3
2.4.1.227	73640
2.4.1.230	3
2.4.1.245	1
2.4.1.246	1
2.4.1.247	1
2.4.1.248	2
2.4.1.25	45338
2.4.1.250	6594
2.4.1.251	2
2.4.1.252	3
2.4.1.264	2
2.4.1.266	7
2.4.1.268	1
2.4.1.269	1
2.4.1.270	1
2.4.1.276	2
2.4.1.277	1
2.4.1.278	1
2.4.1.279	1
2.4.1.280	2
2.4.1.281	3202
2.4.1.282	1
2.4.1.283	3
2.4.1.284	1
2.4.1.285	1
2.4.1.287	3
2.4.1.288	2
2.4.1.289	2
2.4.1.290	1
2.4.1.291	1
2.4.1.292	1
2.4.1.293	1
2.4.1.301	1
2.4.1.302	1
2.4.1.303	1
2.4.1.304	1
2.4.1.305	2
2.4.1.306	2
2.4.1.308	1
2.4.1.309	1
2.4.1.310	1
2.4.1.311	1
2.4.1.315	1204
2.4.1.316	1
2.4.1.317	1
2.4.1.318	1
2.4.1.319	1
2.4.1.320	1
2.4.1.321	1
2.4.1.322	1
2.4.1.325	3582
2.4.1.326	1
2.4.1.327	1
2.4.1.328	1
2.4.1.329	504
2.4.1.33	2
2.4.1.331	1
2.4.1.332	1
2.4.1.333	1
2.4.1.336	2
2.4.1.337	3
2.4.1.338	2
2.4.1.339	2
2.4.1.340	1
2.4.1.342	3
2.4.1.345	6
2.4.1.346	4
2.4.1.347	2146
2.4.1.348	1
2.4.1.352	3
2.4.1.355	2
2.4.1.359	1
2.4.1.361	2
2.4.1.369	1
2.4.1.4	2
2.4.1.44	2
2.4.1.5	1806
2.4.1.52	1
2.4.1.53	1
2.4.1.54	1
2.4.1.56	2
2.4.1.58	2
2.4.1.60	1
2.4.1.64	1
2.4.1.7	2114
2.4.1.70	1
2.4.1.8	2
2.4.1.83	3
2.4.1.9	2
2.4.2.1	109958
2.4.2.10	70868
2.4.2.14	63102
2.4.2.15	13886
2.4.2.17	60222
2.4.2.18	59132
2.4.2.19	56276
2.4.2.2	24906
2.4.2.21	39726
2.4.2.22	25538
2.4.2.27	1
2.4.2.28	70548
2.4.2.29	64714
2.4.2.3	20166
2.4.2.31	1546
2.4.2.36	2
2.4.2.37	1
2.4.2.4	28804
2.4.2.43	5754
2.4.2.44	3710
2.4.2.45	4
2.4.2.46	2300
2.4.2.47	6
2.4.2.49	1
2.4.2.52	19250
2.4.2.53	4212
2.4.2.59	1608
2.4.2.6	3
2.4.2.7	51638
2.4.2.8	50248
2.4.2.9	73134
2.4.99.12	44720
2.4.99.13	174
2.4.99.14	168
2.4.99.15	1
2.4.99.16	16274
2.4.99.17	58522
2.4.99.19	3
2.4.99.6	4
2.5.1.1	2
2.5.1.10	15
2.5.1.101	2
2.5.1.103	3
2.5.1.104	1
2.5.1.111	1
2.5.1.113	3
2.5.1.115	1
2.5.1.120	10116
2.5.1.121	1
2.5.1.123	1
2.5.1.124	1
2.5.1.125	1
2.5.1.126	1
2.5.1.128	434
2.5.1.129	33506
2.5.1.130	1144
2.5.1.134	1
2.5.1.135	2
2.5.1.140	20
2.5.1.141	54610
2.5.1.143	1
2.5.1.145	73478
2.5.1.147	8490
2.5.1.149	2
2.5.1.15	9694
2.5.1.150	1
2.5.1.152	1
2.5.1.153	2
2.5.1.16	34614
2.5.1.17	68512
2.5.1.18	36
2.5.1.19	72600
2.5.1.2	1
2.5.1.22	2
2.5.1.25	17746
2.5.1.27	356
2.5.1.29	6
2.5.1.3	59766
2.5.1.30	4
2.5.1.31	12788
2.5.1.32	7
2.5.1.39	26394
2.5.1.41	3466
2.5.1.44	2
2.5.1.47	67008
2.5.1.48	10
2.5.1.49	1
2.5.1.54	78476
2.5.1.55	42548
2.5.1.6	74622
2.5.1.61	61796
2.5.1.63	1
2.5.1.65	1
2.5.1.66	0
2.5.1.68	6
2.5.1.7	78264
2.5.1.72	55060
2.5.1.74	24260
2.5.1.75	78200
2.5.1.78	65980
2.5.1.79	2
2.5.1.83	2
2.5.1.84	1
2.5.1.85	1
2.5.1.86	5
2.5.1.87	5
2.5.1.88	1
2.5.1.9	3520
2.5.1.90	3
2.5.1.94	1
2.5.1.96	1476
2.5.1.97	3
2.5.1.98	1
2.5.1.n9	3816
2.6.1.1	516
2.6.1.100	8
2.6.1.101	11
2.6.1.102	3
2.6.1.103	1
2.6.1.104	1
2.6.1.105	1
2.6.1.106	2
2.6.1.107	1
2.6.1.109	1
2.6.1.11	52734
2.6.1.110	1
2.6.1.111	1
2.6.1.112	1
2.6.1.113	1
2.6.1.114	1
2.6.1.117	1
2.6.1.118	404
2.6.1.13	18696
2.6.1.14	1
2.6.1.16	80066
2.6.1.17	4894
2.6.1.18	3
2.6.1.19	7
2.6.1.2	8
2.6.1.21	4970
2.6.1.22	5
2.6.1.29	2832
2.6.1.30	1
2.6.1.33	2
2.6.1.34	1
2.6.1.35	1
2.6.1.36	3494
2.6.1.37	11426
2.6.1.38	1
2.6.1.39	2
2.6.1.42	72616
2.6.1.45	2
2.6.1.48	3
2.6.1.5	2
2.6.1.50	1
2.6.1.51	1
2.6.1.52	53634
2.6.1.57	5
2.6.1.59	3000
2.6.1.62	39982
2.6.1.66	2
2.6.1.76	11004
2.6.1.77	4
2.6.1.78	4
2.6.1.79	462
2.6.1.81	2018
2.6.1.82	2832
2.6.1.83	9940
2.6.1.84	1
2.6.1.85	14
2.6.1.86	1
2.6.1.87	4454
2.6.1.88	1
2.6.1.9	76900
2.6.1.90	1
2.6.1.92	3
2.6.1.93	3
2.6.1.94	1
2.6.1.95	1
2.6.1.98	1
2.6.99.2	39750
2.6.99.3	1
2.7.10.2	12712
2.7.1.100	3600
2.7.1.101	1
2.7.1.103	1
2.7.1.107	21552
2.7.1.11	46110
2.7.11.1	307388
2.7.1.113	3
2.7.1.119	1
2.7.1.12	29014
2.7.1.121	11320
2.7.1.130	43912
2.7.11.32	15410
2.7.11.33	14468
2.7.1.144	15996
2.7.1.148	63960
2.7.1.15	55496
2.7.11.5	10706
2.7.1.156	40498
2.7.1.16	10454
2.7.1.162	1
2.7.1.163	1
2.7.1.165	2
2.7.1.166	4718
2.7.1.167	17080
2.7.1.168	2
2.7.1.17	32876
2.7.1.170	31236
2.7.1.175	14014
2.7.1.176	13136
2.7.1.177	1
2.7.1.179	1
2.7.1.180	67032
2.7.1.181	2
2.7.1.182	1
2.7.1.184	2042
2.7.1.187	1
2.7.1.188	1
2.7.1.189	2178
2.7.1.19	12118
2.7.1.190	478
2.7.1.191	8012
2.7.1.192	14
2.7.1.193	4
2.7.1.194	12
2.7.1.195	1
2.7.1.196	3
2.7.1.197	12368
2.7.1.198	3
2.7.1.199	4236
2.7.1.2	37230
2.7.1.20	154
2.7.1.200	4
2.7.1.201	2
2.7.1.202	3926
2.7.1.204	1
2.7.1.205	4
2.7.1.206	2
2.7.1.207	3178
2.7.1.208	2
2.7.1.209	2
2.7.1.21	38788
2.7.1.210	1
2.7.1.214	2
2.7.1.215	1
2.7.1.217	11
2.7.1.218	3
2.7.1.219	4
2.7.1.22	4
2.7.1.220	1
2.7.1.221	4
2.7.1.223	1
2.7.1.224	1
2.7.1.225	1
2.7.1.23	75746
2.7.1.231	1
2.7.1.24	70326
2.7.1.25	40796
2.7.1.26	73622
2.7.1.29	1
2.7.1.30	56076
2.7.1.31	7
2.7.1.33	75992
2.7.13.3	1579266
2.7.1.35	8566
2.7.1.39	52020
2.7.1.4	14
2.7.1.40	82462
2.7.14.1	6552
2.7.1.45	6
2.7.1.47	1
2.7.1.48	21466
2.7.1.49	10624
2.7.1.5	4416
2.7.1.50	25762
2.7.1.51	2838
2.7.1.53	3
2.7.1.55	550
2.7.1.56	19650
2.7.1.58	2
2.7.1.59	3834
2.7.1.6	18008
2.7.1.60	2408
2.7.1.63	4
2.7.1.66	2
2.7.1.7	1
2.7.1.71	76912
2.7.1.72	2
2.7.1.73	4
2.7.1.74	1
2.7.1.76	3
2.7.1.8	318
2.7.1.83	1
2.7.1.85	3
2.7.1.87	2
2.7.1.89	3432
2.7.1.90	34872
2.7.1.92	2114
2.7.1.95	3870
2.7.2.1	55996
2.7.2.11	57086
2.7.2.15	3700
2.7.2.17	592
2.7.2.2	8678
2.7.2.3	79330
2.7.2.4	112532
2.7.2.7	9822
2.7.2.8	55790
2.7.3.13	1
2.7.3.9	74514
2.7.4.1	81388
2.7.4.16	47544
2.7.4.2	4644
2.7.4.22	67172
2.7.4.23	9964
2.7.4.25	70008
2.7.4.27	15410
2.7.4.28	14468
2.7.4.29	2908
2.7.4.3	85044
2.7.4.33	3
2.7.4.6	54782
2.7.4.7	10624
2.7.4.8	66616
2.7.4.9	68326
2.7.6.1	64992
2.7.6.2	15434
2.7.6.3	76872
2.7.6.5	13350
2.7.7.1	140
2.7.7.101	71544
2.7.7.103	1
2.7.7.104	1
2.7.7.105	4784
2.7.7.106	772
2.7.7.12	31914
2.7.7.13	31368
2.7.7.18	67906
2.7.7.19	17970
2.7.7.2	73996
2.7.7.23	53930
2.7.7.24	61540
2.7.7.27	38256
2.7.7.3	68968
2.7.7.33	3
2.7.7.38	34590
2.7.7.39	3
2.7.7.4	93932
2.7.7.40	1890
2.7.7.41	58872
2.7.7.42	26974
2.7.7.43	3646
2.7.7.46	3
2.7.7.47	3646
2.7.7.49	6
2.7.7.53	2
2.7.7.56	46166
2.7.7.58	2
2.7.7.59	34264
2.7.7.6	335912
2.7.7.60	58950
2.7.7.61	7398
2.7.7.62	40498
2.7.7.65	6400
2.7.7.66	1512
2.7.7.7	443764
2.7.7.70	27482
2.7.7.71	1
2.7.7.72	22188
2.7.7.73	3
2.7.7.74	894
2.7.7.75	6
2.7.7.76	1
2.7.7.77	36202
2.7.7.8	70884
2.7.7.80	5
2.7.7.81	3
2.7.7.82	2
2.7.7.85	42330
2.7.7.87	42028
2.7.7.89	26974
2.7.7.9	70412
2.7.7.90	156
2.7.7.91	2
2.7.7.99	4
2.7.7.n1	35472
2.7.7.n6	2
2.7.8.12	3
2.7.8.13	67498
2.7.8.14	2
2.7.8.20	2316
2.7.8.23	1
2.7.8.24	7166
2.7.8.26	38362
2.7.8.28	2588
2.7.8.31	5
2.7.8.33	5098
2.7.8.34	894
2.7.8.35	4
2.7.8.36	1
2.7.8.37	7
2.7.8.40	2
2.7.8.41	3
2.7.8.42	2
2.7.8.44	3
2.7.8.45	1
2.7.8.46	1
2.7.8.47	1
2.7.8.5	16782
2.7.8.6	1
2.7.8.7	49662
2.7.8.8	33880
2.7.9.1	31902
2.7.9.2	35330
2.7.9.3	24284
2.8.1.1	28768
2.8.1.10	46162
2.8.1.12	28046
2.8.1.13	76128
2.8.1.15	1
2.8.1.2	3
2.8.1.4	24586
2.8.1.6	45356
2.8.1.7	143548
2.8.1.8	58058
2.8.2.22	1276
2.8.2.36	1
2.8.2.37	1142
2.8.3.10	8258
2.8.3.12	2
2.8.3.15	2
2.8.3.16	5482
2.8.3.17	1
2.8.3.18	0
2.8.3.19	2
2.8.3.20	1
2.8.3.21	1706
2.8.3.22	4
2.8.3.23	1
2.8.3.25	2
2.8.3.5	16
2.8.3.6	16296
2.8.3.8	6916
2.8.3.9	2
2.8.4.2	4
2.8.4.3	60472
2.8.4.4	45948
2.8.4.5	78
2.8.5.1	1
2.8.5.2	6120
2.9.1.1	21730
2.9.1.3	7582
3.1.1.1	3868
3.1.1.10	1
3.1.1.101	2
3.1.1.102	1
3.1.1.103	8
3.1.1.106	2076
3.1.1.107	1
3.1.1.108	5
3.1.1.109	1
3.1.1.11	7824
3.1.11.1	15234
3.11.1.1	8990
3.1.1.115	1
3.1.11.2	95160
3.11.1.2	3
3.11.1.3	1
3.1.1.15	1
3.1.11.5	53856
3.1.11.6	126080
3.1.1.17	746
3.1.1.2	4
3.1.12.1	11134
3.1.1.22	970
3.1.1.23	3
3.1.1.24	2
3.1.1.25	2
3.1.1.27	1
3.1.1.29	75146
3.1.1.3	898
3.1.1.31	38146
3.1.13.1	60140
3.1.1.32	15226
3.1.13.5	18234
3.1.1.4	15216
3.1.1.41	2
3.1.1.45	15
3.1.1.5	5
3.1.1.57	2
3.1.1.6	3
3.1.1.61	44724
3.1.1.72	11
3.1.1.73	2
3.1.1.74	1
3.1.1.75	1
3.1.1.76	1
3.1.1.77	5118
3.1.1.81	14
3.1.1.83	1
3.1.1.84	1
3.1.1.85	7030
3.1.1.87	1
3.1.1.88	2
3.1.1.91	1
3.1.1.92	2
3.1.1.95	1
3.1.1.96	53294
3.1.1.99	1
3.1.21.1	7
3.1.2.12	25544
3.1.21.2	25896
3.1.21.3	60646
3.1.2.14	252
3.1.21.4	2392
3.1.21.5	3
3.1.21.7	12156
3.1.2.2	6
3.1.2.20	3
3.1.2.23	3
3.1.22.4	78690
3.1.2.28	3300
3.1.2.29	1
3.1.2.30	4
3.1.2.32	1
3.1.2.6	27286
3.1.26.11	25926
3.1.26.12	23808
3.1.26.3	71354
3.1.26.4	138730
3.1.26.5	58834
3.1.26.8	9148
3.1.30.2	1
3.1.3.1	786
3.1.3.10	5
3.1.3.101	1
3.1.3.103	1
3.1.3.104	6
3.1.3.105	2
3.1.3.11	72296
3.1.31.1	10
3.1.3.12	21422
3.13.1.3	1
3.13.1.4	4
3.1.3.15	46550
3.13.1.5	2
3.1.3.16	108
3.13.1.6	3
3.13.1.7	1
3.1.3.18	20986
3.13.1.8	1
3.1.3.2	10734
3.1.3.22	3
3.1.3.23	11
3.1.3.25	57142
3.1.3.26	1
3.1.3.27	20740
3.1.3.3	39208
3.1.3.37	1202
3.1.3.39	1
3.1.3.4	4
3.1.3.45	20582
3.1.3.48	79144
3.1.3.5	52394
3.1.3.50	3
3.1.3.6	20222
3.1.3.60	1
3.1.3.64	4
3.1.3.68	2
3.1.3.69	1
3.1.3.7	23746
3.1.3.70	1302
3.1.3.71	14270
3.1.3.73	4
3.1.3.74	3
3.1.3.77	6690
3.1.3.78	2
3.1.3.79	1
3.1.3.8	3
3.1.3.81	4
3.1.3.82	2184
3.1.3.83	9
3.1.3.85	4
3.1.3.87	2490
3.1.3.88	1
3.1.3.89	11884
3.1.3.90	1
3.1.3.92	1
3.1.3.97	4
3.1.4.1	5968
3.1.4.12	12
3.1.4.14	2234
3.1.4.16	17348
3.1.4.17	3
3.1.4.3	8774
3.1.4.4	7
3.1.4.41	3
3.1.4.46	8
3.1.4.52	23768
3.1.4.53	24618
3.1.4.55	1
3.1.4.57	1
3.1.4.58	33196
3.1.4.59	5
3.1.5.1	3942
3.1.6.1	6
3.1.6.6	1
3.1.7.12	1
3.1.7.2	14
3.1.8.1	3
3.1.8.2	2
3.2.1.1	21196
3.2.1.10	8
3.2.1.102	1
3.2.1.103	1
3.2.1.11	5
3.2.1.122	6
3.2.1.123	1
3.2.1.131	3892
3.2.1.132	2436
3.2.1.133	3
3.2.1.135	4
3.2.1.136	2
3.2.1.14	16
3.2.1.141	19598
3.2.1.15	5
3.2.1.151	2
3.2.1.156	3
3.2.1.157	2
3.2.1.158	2
3.2.1.162	2
3.2.1.165	2684
3.2.1.169	4
3.2.1.17	37824
3.2.1.172	2
3.2.1.176	2
3.2.1.177	3
3.2.1.178	7
3.2.1.179	1
3.2.1.18	11
3.2.1.180	3
3.2.1.183	1
3.2.1.184	2
3.2.1.185	1
3.2.1.187	1
3.2.1.196	3336
3.2.1.199	1
3.2.1.2	664
3.2.1.20	7
3.2.1.202	1
3.2.1.204	1
3.2.1.205	1
3.2.1.208	1
3.2.1.21	38300
3.2.1.22	65572
3.2.1.23	86920
3.2.1.26	15194
3.2.1.28	11268
3.2.1.3	1940
3.2.1.31	5
3.2.1.32	3
3.2.1.35	1
3.2.1.37	16
3.2.1.38	1
3.2.1.39	3
3.2.1.4	26302
3.2.1.40	21826
3.2.1.41	7812
3.2.1.49	4
3.2.1.52	67502
3.2.1.54	4
3.2.1.55	4420
3.2.1.58	1
3.2.1.60	2
3.2.1.64	2
3.2.1.65	1
3.2.1.67	4
3.2.1.68	3
3.2.1.70	3
3.2.1.72	1
3.2.1.73	1154
3.2.1.74	2
3.2.1.78	2022
3.2.1.8	25302
3.2.1.80	2
3.2.1.81	10
3.2.1.82	1
3.2.1.83	1
3.2.1.85	2554
3.2.1.86	12
3.2.1.89	10472
3.2.1.91	8
3.2.1.93	2
3.2.1.94	1
3.2.1.96	3982
3.2.1.97	3
3.2.1.98	1
3.2.1.99	438
3.2.1.n1	29244
3.2.1.n2	7
3.2.2.10	4
3.2.2.19	3
3.2.2.20	2
3.2.2.21	5
3.2.2.22	462
3.2.2.23	52798
3.2.2.24	1
3.2.2.26	4954
3.2.2.27	91436
3.2.2.28	1956
3.2.2.30	3
3.2.2.31	63344
3.2.2.4	59112
3.2.2.5	9
3.2.2.6	8
3.2.2.8	648
3.2.2.9	9488
3.2.2.n1	13804
3.3.1.1	45292
3.3.2.1	5836
3.3.2.10	7
3.3.2.11	1
3.3.2.12	1
3.3.2.13	2
3.3.2.14	2
3.3.2.15	3
3.3.2.8	1
3.4.11.1	51420
3.4.11.10	51418
3.4.11.18	110242
3.4.11.19	238
3.4.11.2	85172
3.4.11.23	3132
3.4.11.24	1
3.4.11.25	2
3.4.11.4	19680
3.4.11.5	34156
3.4.11.6	1
3.4.11.7	1
3.4.11.9	8
3.4.13.18	2
3.4.13.19	19556
3.4.13.21	2212
3.4.13.22	27140
3.4.13.23	1
3.4.13.9	6028
3.4.14.11	6800
3.4.14.12	2
3.4.14.13	2
3.4.14.5	1
3.4.15.5	2
3.4.15.6	8772
3.4.16.4	190108
3.4.17.11	1
3.4.17.13	8
3.4.17.14	1
3.4.17.18	3
3.4.17.19	17012
3.4.17.6	1
3.4.19.11	3
3.4.19.13	55834
3.4.19.3	13054
3.4.19.5	500
3.4.21.100	1
3.4.21.101	1
3.4.21.102	8
3.4.21.105	3018
3.4.21.107	53350
3.4.21.110	1312
3.4.21.111	1
3.4.21.116	1
3.4.21.12	2
3.4.21.19	12
3.4.21.26	3
3.4.21.4	2
3.4.21.50	4
3.4.21.53	107154
3.4.21.62	572
3.4.21.66	1
3.4.21.72	6
3.4.21.80	1
3.4.21.81	1
3.4.21.82	1
3.4.21.83	2
3.4.21.88	51544
3.4.21.89	125530
3.4.21.92	101318
3.4.21.96	4
3.4.22.10	56
3.4.22.37	4
3.4.22.40	7
3.4.22.47	4
3.4.22.48	8
3.4.22.70	3
3.4.22.71	1
3.4.22.8	1
3.4.23.36	81976
3.4.23.43	23954
3.4.23.48	1
3.4.23.49	2
3.4.23.51	2
3.4.24.13	4
3.4.24.25	1
3.4.24.26	2
3.4.24.27	5
3.4.24.28	10
3.4.24.29	1
3.4.24.3	6334
3.4.24.30	1
3.4.24.31	1
3.4.24.32	2
3.4.24.33	5
3.4.24.40	932
3.4.24.55	6
3.4.24.68	1
3.4.24.69	13
3.4.24.70	3
3.4.24.74	1
3.4.24.75	1470
3.4.24.76	1
3.4.24.77	3954
3.4.24.78	6500
3.4.24.83	1
3.4.24.89	2
3.4.25.1	7554
3.4.25.2	33428
3.5.1.1	524
3.5.1.10	44498
3.5.1.100	1
3.5.1.101	2
3.5.1.103	5720
3.5.1.104	7
3.5.1.105	2690
3.5.1.106	1
3.5.1.107	1
3.5.1.108	41832
3.5.1.11	6
3.5.1.110	3196
3.5.1.111	2
3.5.1.112	2
3.5.1.113	1
3.5.1.115	7762
3.5.1.117	3
3.5.1.118	4324
3.5.1.119	4
3.5.1.124	628
3.5.1.125	1
3.5.1.126	1
3.5.1.128	5
3.5.1.129	1
3.5.1.13	2
3.5.1.130	576
3.5.1.131	1
3.5.1.133	1
3.5.1.134	1
3.5.1.135	3704
3.5.1.14	3
3.5.1.15	922
3.5.1.16	20268
3.5.1.18	37650
3.5.1.19	2
3.5.1.2	163442
3.5.1.23	3802
3.5.1.24	3
3.5.1.25	790
3.5.1.26	1
3.5.1.28	42204
3.5.1.29	1
3.5.1.3	4
3.5.1.32	1
3.5.1.38	6
3.5.1.4	2302
3.5.1.42	6
3.5.1.44	61162
3.5.1.46	2
3.5.1.47	5104
3.5.1.48	1
3.5.1.49	2970
3.5.1.5	78286
3.5.1.52	340
3.5.1.54	1
3.5.1.56	2
3.5.1.59	1
3.5.1.62	4
3.5.1.74	1
3.5.1.76	1
3.5.1.77	3
3.5.1.78	2
3.5.1.79	1
3.5.1.81	1
3.5.1.82	1
3.5.1.83	1
3.5.1.86	1
3.5.1.87	5
3.5.1.88	107142
3.5.1.9	5090
3.5.1.91	1
3.5.1.93	4
3.5.1.94	4
3.5.1.96	10158
3.5.1.97	14
3.5.1.n3	4520
3.5.2.1	802
3.5.2.10	1
3.5.2.12	2
3.5.2.15	958
3.5.2.17	25986
3.5.2.18	1
3.5.2.19	2
3.5.2.2	2
3.5.2.20	1
3.5.2.3	53590
3.5.2.5	3260
3.5.2.6	84838
3.5.2.7	37784
3.5.2.9	28770
3.5.3.1	14488
3.5.3.10	1
3.5.3.11	2464
3.5.3.12	9256
3.5.3.17	1
3.5.3.18	3
3.5.3.22	1
3.5.3.23	11516
3.5.3.24	2
3.5.3.25	1
3.5.3.26	1
3.5.3.3	3
3.5.3.4	10718
3.5.3.6	18220
3.5.3.7	2
3.5.3.8	9212
3.5.3.9	2
3.5.4.1	1
3.5.4.10	61010
3.5.4.11	2
3.5.4.13	21162
3.5.4.16	79616
3.5.4.19	61326
3.5.4.2	39878
3.5.4.23	1
3.5.4.25	53944
3.5.4.26	61222
3.5.4.27	2824
3.5.4.28	9832
3.5.4.3	18934
3.5.4.30	12078
3.5.4.31	9832
3.5.4.32	1
3.5.4.33	62076
3.5.4.4	71966
3.5.4.40	5
3.5.4.42	1
3.5.4.43	1
3.5.4.44	1
3.5.4.45	1
3.5.4.46	1
3.5.4.5	35348
3.5.4.9	78642
3.5.5.1	9
3.5.5.7	3
3.5.5.8	3
3.5.99.10	5
3.5.99.11	1
3.5.99.2	19318
3.5.99.5	3
3.5.99.6	24636
3.5.99.7	6166
3.5.99.8	1
3.5.99.9	1
3.6.1.1	69784
3.6.1.11	19952
3.6.1.12	1848
3.6.1.13	10964
3.6.1.15	4144
3.6.1.17	1210
3.6.1.22	7234
3.6.1.23	62338
3.6.1.25	4
3.6.1.26	7144
3.6.1.27	80872
3.6.1.31	54620
3.6.1.40	4530
3.6.1.41	18220
3.6.1.45	3
3.6.1.54	17614
3.6.1.55	14
3.6.1.57	3
3.6.1.58	2
3.6.1.61	2
3.6.1.63	1
3.6.1.65	1
3.6.1.66	67178
3.6.1.67	4
3.6.1.69	3
3.6.1.7	59714
3.6.1.73	6010
3.6.1.8	5
3.6.1.9	71812
3.6.4.12	724788
3.6.4.13	63312
3.6.5.5	1
3.6.5.n1	67726
3.7.1.11	0
3.7.1.12	2
3.7.1.13	1
3.7.1.14	1414
3.7.1.17	3
3.7.1.18	1
3.7.1.19	1
3.7.1.20	1
3.7.1.21	3
3.7.1.22	1466
3.7.1.23	1
3.7.1.24	4
3.7.1.25	1
3.7.1.3	21288
3.7.1.4	2
3.7.1.7	2
3.7.1.8	86
3.7.1.9	1
3.8.1.10	2
3.8.1.2	9
3.8.1.3	2
3.8.1.5	2244
3.8.1.7	3
3.8.1.8	1
3.8.1.9	2
3.9.1.2	2
4.1.1.1	1
4.1.1.100	4
4.1.1.101	4
4.1.1.102	1
4.1.1.104	5
4.1.1.105	2
4.1.1.11	38328
4.1.1.111	12004
4.1.1.112	26656
4.1.1.114	2
4.1.1.116	1
4.1.1.117	1
4.1.1.12	2
4.1.1.120	1
4.1.1.121	2
4.1.1.15	13024
4.1.1.17	5
4.1.1.18	8
4.1.1.19	22194
4.1.1.2	2
4.1.1.20	63756
4.1.1.21	182
4.1.1.22	918
4.1.1.23	73140
4.1.1.25	4
4.1.1.29	0
4.1.1.31	29344
4.1.1.32	17920
4.1.1.36	61526
4.1.1.37	50908
4.1.1.38	1
4.1.1.39	5892
4.1.1.4	2202
4.1.1.44	2
4.1.1.47	2
4.1.1.48	70262
4.1.1.49	36720
4.1.1.5	10296
4.1.1.50	18990
4.1.1.51	1
4.1.1.55	2
4.1.1.59	1
4.1.1.61	4
4.1.1.63	3
4.1.1.64	1
4.1.1.65	45672
4.1.1.68	3
4.1.1.7	2
4.1.1.71	922
4.1.1.73	4094
4.1.1.74	2
4.1.1.75	1
4.1.1.76	1
4.1.1.77	3
4.1.1.8	3
4.1.1.81	16212
4.1.1.82	2
4.1.1.83	186
4.1.1.85	1106
4.1.1.86	3
4.1.1.87	1
4.1.1.95	1
4.1.1.96	15770
4.1.1.97	13712
4.1.1.98	11114
4.1.2.13	54434
4.1.2.14	27206
4.1.2.17	1998
4.1.2.19	4916
4.1.2.20	2314
4.1.2.21	2
4.1.2.22	1
4.1.2.25	46076
4.1.2.27	3
4.1.2.28	2
4.1.2.29	5
4.1.2.34	1
4.1.2.38	1
4.1.2.4	52738
4.1.2.40	9586
4.1.2.42	1
4.1.2.43	3016
4.1.2.44	1
4.1.2.45	5
4.1.2.48	8710
4.1.2.49	1
4.1.2.50	60502
4.1.2.51	1
4.1.2.52	1654
4.1.2.53	1132
4.1.2.56	2
4.1.2.57	1856
4.1.2.58	1
4.1.2.61	1
4.1.2.62	2
4.1.2.9	2
4.1.3.1	31894
4.1.3.16	2924
4.1.3.17	18256
4.1.3.24	8
4.1.3.25	3
4.1.3.26	1
4.1.3.27	49398
4.1.3.3	3116
4.1.3.30	19360
4.1.3.32	1
4.1.3.34	4640
4.1.3.36	25988
4.1.3.38	4
4.1.3.39	13376
4.1.3.4	5826
4.1.3.40	12214
4.1.3.41	2
4.1.3.43	5040
4.1.3.45	1
4.1.3.46	1
4.1.3.6	12898
4.1.99.1	2844
4.1.99.11	3
4.1.99.12	73502
4.1.99.13	1
4.1.99.14	3
4.1.99.16	1
4.1.99.17	42316
4.1.99.19	2
4.1.99.2	1358
4.1.99.20	2
4.1.99.22	54312
4.1.99.23	8
4.1.99.3	510
4.1.99.5	1114
4.2.1.1	59540
4.2.1.10	75272
4.2.1.100	1
4.2.1.103	1
4.2.1.104	10518
4.2.1.106	1
4.2.1.108	10120
4.2.1.109	10122
4.2.1.11	80492
4.2.1.112	1
4.2.1.113	22078
4.2.1.115	3
4.2.1.117	1
4.2.1.118	8306
4.2.1.119	2
4.2.1.12	19470
4.2.1.120	1
4.2.1.126	26234
4.2.1.127	1
4.2.1.129	4
4.2.1.130	1
4.2.1.131	4
4.2.1.132	1
4.2.1.135	1
4.2.1.136	68358
4.2.1.137	1
4.2.1.138	1
4.2.1.144	1
4.2.1.145	1
4.2.1.147	1
4.2.1.148	3048
4.2.1.149	1688
4.2.1.150	4
4.2.1.151	11568
4.2.1.153	1
4.2.1.154	1
4.2.1.155	1
4.2.1.156	1
4.2.1.157	2
4.2.1.158	1
4.2.1.159	2
4.2.1.162	1
4.2.1.163	0
4.2.1.164	1
4.2.1.167	2
4.2.1.168	2
4.2.1.17	34872
4.2.1.171	2
4.2.1.172	1
4.2.1.175	2
4.2.1.19	57808
4.2.1.2	88328
4.2.1.20	140990
4.2.1.22	8112
4.2.1.24	61298
4.2.1.25	2
4.2.1.28	3
4.2.1.3	94154
4.2.1.30	1
4.2.1.32	16
4.2.1.33	132056
4.2.1.36	346
4.2.1.39	8
4.2.1.40	7478
4.2.1.41	11502
4.2.1.42	2784
4.2.1.43	1
4.2.1.44	2888
4.2.1.45	1
4.2.1.46	64214
4.2.1.47	44582
4.2.1.49	37168
4.2.1.51	65820
4.2.1.53	3
4.2.1.54	2
4.2.1.55	3
4.2.1.59	67956
4.2.1.6	2122
4.2.1.67	1
4.2.1.68	7842
4.2.1.7	2
4.2.1.70	14290
4.2.1.75	26908
4.2.1.77	17
4.2.1.79	8306
4.2.1.8	27314
4.2.1.80	1206
4.2.1.81	2
4.2.1.82	3
4.2.1.83	1
4.2.1.84	12472
4.2.1.85	2
4.2.1.9	64502
4.2.1.90	2764
4.2.1.91	1
4.2.1.96	42878
4.2.1.99	41006
4.2.2.1	6
4.2.2.10	9
4.2.2.12	1
4.2.2.14	1
4.2.2.17	1
4.2.2.19	1
4.2.2.2	3504
4.2.2.20	2
4.2.2.21	3
4.2.2.22	4
4.2.2.23	1174
4.2.2.24	1
4.2.2.25	2
4.2.2.26	2
4.2.2.3	2052
4.2.2.5	1
4.2.2.6	2
4.2.2.7	2
4.2.2.8	5
4.2.2.9	2
4.2.2.n1	46340
4.2.2.n2	1694
4.2.3.1	49590
4.2.3.108	1
4.2.3.118	5
4.2.3.124	8
4.2.3.130	1
4.2.3.146	1
4.2.3.148	1
4.2.3.149	2
4.2.3.150	1
4.2.3.151	1
4.2.3.152	764
4.2.3.153	3432
4.2.3.154	2
4.2.3.155	2
4.2.3.156	3
4.2.3.157	2
4.2.3.158	1
4.2.3.159	1
4.2.3.162	1
4.2.3.163	1
4.2.3.164	1
4.2.3.166	1
4.2.3.169	1
4.2.3.170	1
4.2.3.171	1
4.2.3.175	1
4.2.3.181	1
4.2.3.182	1
4.2.3.187	1
4.2.3.188	1
4.2.3.192	1
4.2.3.193	2
4.2.3.22	1
4.2.3.26	1
4.2.3.3	21974
4.2.3.31	1
4.2.3.36	1
4.2.3.37	1
4.2.3.4	56202
4.2.3.47	1
4.2.3.5	71594
4.2.3.57	1
4.2.3.62	1
4.2.3.7	3
4.2.3.75	1
4.2.3.89	1
4.2.3.90	1
4.2.3.96	1
4.2.3.97	1
4.2.3.98	2
4.2.99.18	531
4.2.99.20	10492
4.2.99.21	5
4.3.1.1	15904
4.3.1.12	6
4.3.1.14	2
4.3.1.15	4
4.3.1.16	1
4.3.1.17	80292
4.3.1.18	10112
4.3.1.19	57444
4.3.1.2	2324
4.3.1.23	6
4.3.1.24	2
4.3.1.27	1
4.3.1.28	1
4.3.1.29	1
4.3.1.3	35454
4.3.1.30	1
4.3.1.32	9476
4.3.1.7	6228
4.3.1.9	1
4.3.2.1	71826
4.3.2.10	127522
4.3.2.2	67508
4.3.2.3	21542
4.3.2.6	1
4.3.2.7	17148
4.3.3.5	1
4.3.3.6	41142
4.3.3.7	82230
4.3.99.3	43494
4.3.99.4	1194
4.4.1.1	2
4.4.1.11	5042
4.4.1.13	20
4.4.1.15	2676
4.4.1.16	2648
4.4.1.19	2
4.4.1.2	7
4.4.1.21	20602
4.4.1.22	2900
4.4.1.23	1
4.4.1.24	4
4.4.1.25	2
4.4.1.28	2
4.4.1.3	7
4.4.1.34	1
4.4.1.37	1
4.4.1.5	18052
4.5.1.3	2
4.5.1.5	0
4.6.1.1	4386
4.6.1.12	60672
4.6.1.13	5496
4.6.1.17	54210
4.6.1.21	1
4.6.1.22	2
4.6.1.24	3
4.7.1.1	7854
4.99.1.1	40148
4.99.1.12	4404
4.99.1.2	1294
4.99.1.3	2226
4.99.1.4	12028
4.99.1.7	1
4.99.1.9	16236
5.1.1.1	79730
5.1.1.10	1480
5.1.1.11	3
5.1.1.12	2
5.1.1.13	4
5.1.1.15	1
5.1.1.17	2
5.1.1.19	1
5.1.1.20	6
5.1.1.21	1
5.1.1.22	2
5.1.1.23	2718
5.1.1.24	1
5.1.1.3	64460
5.1.1.4	2
5.1.1.5	2
5.1.1.7	58946
5.1.1.8	49
5.1.2.1	2
5.1.2.2	1
5.1.2.3	11672
5.1.2.7	1812
5.1.3.1	71786
5.1.3.10	1
5.1.3.11	3360
5.1.3.13	52502
5.1.3.14	3028
5.1.3.15	15758
5.1.3.2	78822
5.1.3.20	13832
5.1.3.21	798
5.1.3.22	1366
5.1.3.23	1
5.1.3.24	1862
5.1.3.25	1
5.1.3.26	1
5.1.3.27	2
5.1.3.29	1794
5.1.3.3	37966
5.1.3.30	3
5.1.3.31	2
5.1.3.32	5410
5.1.3.33	1
5.1.3.34	1
5.1.3.35	1
5.1.3.37	3504
5.1.3.38	1
5.1.3.4	8794
5.1.3.40	1
5.1.3.41	3
5.1.3.6	1
5.1.3.7	1
5.1.3.9	15730
5.1.99.1	1
5.1.99.4	1
5.1.99.5	3
5.1.99.6	57542
5.1.99.7	4
5.1.99.8	412
5.2.1.1	4172
5.2.1.2	3
5.2.1.4	1
5.2.1.8	370356
5.3.1.1	81536
5.3.1.12	23064
5.3.1.13	16104
5.3.1.14	7608
5.3.1.15	2
5.3.1.16	56960
5.3.1.17	15568
5.3.1.22	3
5.3.1.23	27144
5.3.1.24	62502
5.3.1.25	6628
5.3.1.26	2992
5.3.1.27	3
5.3.1.28	23246
5.3.1.3	1
5.3.1.30	636
5.3.1.31	1632
5.3.1.32	1822
5.3.1.33	10414
5.3.1.34	5
5.3.1.35	4
5.3.1.36	1
5.3.1.4	13398
5.3.1.5	29278
5.3.1.6	37718
5.3.1.8	35420
5.3.1.9	78578
5.3.2.2	4
5.3.2.3	1
5.3.2.5	1876
5.3.2.6	2470
5.3.2.8	1
5.3.3.1	9
5.3.3.10	4
5.3.3.14	12722
5.3.3.17	3
5.3.3.18	1
5.3.3.19	3
5.3.3.2	30342
5.3.3.3	1
5.3.3.4	7564
5.3.3.6	1
5.3.3.7	1
5.3.3.8	7414
5.3.99.10	1
5.3.99.11	4
5.3.99.7	1
5.4.1.3	1
5.4.1.4	1
5.4.2.10	56554
5.4.2.11	37760
5.4.2.12	50710
5.4.2.2	26
5.4.2.6	3
5.4.2.7	24660
5.4.2.8	3440
5.4.2.9	3
5.4.3.2	5550
5.4.3.3	4
5.4.3.5	0
5.4.3.6	5
5.4.3.8	52438
5.4.3.9	1
5.4.4.1	2
5.4.4.2	29848
5.4.4.3	1
5.4.4.4	1
5.4.99.1	3228
5.4.99.12	79570
5.4.99.13	9276
5.4.99.15	3
5.4.99.16	14618
5.4.99.17	4
5.4.99.18	63438
5.4.99.19	13
5.4.99.2	11148
5.4.99.20	15
5.4.99.21	6
5.4.99.22	21
5.4.99.23	28
5.4.99.24	604
5.4.99.25	73322
5.4.99.26	14
5.4.99.27	16088
5.4.99.28	13
5.4.99.29	13
5.4.99.4	1
5.4.99.5	59196
5.4.99.59	1
5.4.99.60	4
5.4.99.61	5
5.4.99.62	28972
5.4.99.63	2
5.4.99.67	1
5.4.99.9	7
5.5.1.1	5
5.5.1.12	2
5.5.1.13	1
5.5.1.15	1
5.5.1.16	1
5.5.1.19	4
5.5.1.2	4
5.5.1.23	3
5.5.1.25	1
5.5.1.26	1
5.5.1.27	1
5.5.1.29	1
5.5.1.30	1
5.5.1.4	3
5.5.1.7	2022
5.6.2.1	122328
5.6.2.2	333940
5.99.1.4	20372
6.1.1.1	79338
6.1.1.10	79050
6.1.1.11	76614
6.1.1.12	30478
6.1.1.14	114228
6.1.1.15	80684
6.1.1.16	77916
6.1.1.17	84216
6.1.1.18	32432
6.1.1.19	82332
6.1.1.2	85064
6.1.1.20	156050
6.1.1.21	73858
6.1.1.22	33880
6.1.1.23	46306
6.1.1.3	81270
6.1.1.4	86040
6.1.1.5	80738
6.1.1.6	77628
6.1.1.7	98996
6.1.1.9	82160
6.1.2.1	2
6.1.2.2	1
6.1.3.1	3
6.2.1.1	40698
6.2.1.12	3
6.2.1.14	1502
6.2.1.16	1
6.2.1.17	2
6.2.1.19	4
6.2.1.2	10
6.2.1.20	3072
6.2.1.22	6830
6.2.1.25	2
6.2.1.26	6418
6.2.1.27	2
6.2.1.3	25
6.2.1.30	21408
6.2.1.32	1
6.2.1.33	3
6.2.1.34	1
6.2.1.35	1
6.2.1.37	1
6.2.1.39	1
6.2.1.4	2
6.2.1.41	3
6.2.1.42	5
6.2.1.43	1
6.2.1.44	1
6.2.1.46	1
6.2.1.47	8
6.2.1.48	2038
6.2.1.49	4
6.2.1.5	106618
6.2.1.50	4
6.2.1.51	3
6.2.1.53	3
6.2.1.54	5102
6.2.1.57	3
6.2.1.59	4
6.2.1.62	1
6.2.1.65	1
6.2.1.7	1
6.2.1.9	3
6.2.1.n2	3
6.3.1.1	11870
6.3.1.11	1
6.3.1.12	1
6.3.1.13	7858
6.3.1.15	1
6.3.1.18	1
6.3.1.19	7438
6.3.1.2	56050
6.3.1.20	17454
6.3.1.5	35190
6.3.1.6	1
6.3.1.8	2
6.3.2.1	59670
6.3.2.10	67278
6.3.2.12	29604
6.3.2.13	58194
6.3.2.14	5
6.3.2.17	29606
6.3.2.2	62834
6.3.2.20	1
6.3.2.26	1
6.3.2.29	7472
6.3.2.3	31760
6.3.2.30	7472
6.3.2.31	2498
6.3.2.34	2498
6.3.2.37	1
6.3.2.38	2
6.3.2.39	2
6.3.2.4	85906
6.3.2.43	1
6.3.2.45	16406
6.3.2.46	1
6.3.2.47	1
6.3.2.48	1
6.3.2.49	3
6.3.2.5	61524
6.3.2.53	1452
6.3.2.54	1
6.3.2.55	1
6.3.2.56	1
6.3.2.6	71552
6.3.2.7	2542
6.3.2.8	69528
6.3.2.9	71938
6.3.3.1	67794
6.3.3.2	64584
6.3.3.3	43296
6.3.3.4	1
6.3.3.5	1
6.3.3.6	1
6.3.4.12	2
6.3.4.13	70198
6.3.4.14	62704
6.3.4.15	35706
6.3.4.18	49802
6.3.4.19	74890
6.3.4.2	77546
6.3.4.20	39732
6.3.4.21	54594
6.3.4.3	36716
6.3.4.4	70346
6.3.4.5	65738
6.3.5.1	43832
6.3.5.11	13816
6.3.5.13	30922
6.3.5.2	71450
6.3.5.3	129638
6.3.5.4	19232
6.3.5.5	144390
6.3.5.7	59154
6.3.5.9	11374
6.4.1.1	18742
6.4.1.2	55406
6.4.1.3	8706
6.4.1.6	3
6.4.1.7	2
6.4.1.8	5
6.5.1.1	66028
6.5.1.2	85580
6.5.1.4	5364
6.5.1.8	37942
6.5.1.9	10
6.6.1.1	8152
6.6.1.2	4
7.1.1.1	76242
7.1.1.2	3838
7.1.1.3	8220
7.1.1.6	1310
7.1.1.7	8
7.1.1.8	42710
7.1.1.9	130454
7.1.2.2	142784
7.1.3.1	18186
7.2.1.1	69896
7.2.1.2	6
7.2.2.1	5
7.2.2.10	6910
7.2.2.11	2060
7.2.2.12	7
7.2.2.14	20120
7.2.2.15	1
7.2.2.16	2
7.2.2.20	12600
7.2.2.21	12
7.2.2.4	2
7.2.2.5	1
7.2.2.6	29824
7.2.2.7	9762
7.2.2.8	8982
7.2.2.9	10
7.2.4.1	136
7.2.4.2	25168
7.2.4.5	5496
7.3.2.1	67242
7.3.2.2	24956
7.3.2.3	18672
7.3.2.4	4
7.3.2.5	14090
7.3.2.6	2
7.3.2.7	2780
7.4.2.1	2
7.4.2.10	16
7.4.2.11	45678
7.4.2.12	1
7.4.2.5	13
7.4.2.8	814
7.4.2.9	12
7.5.2.1	2970
7.5.2.10	4502
7.5.2.11	6668
7.5.2.12	5956
7.5.2.3	2504
7.5.2.4	2320
7.5.2.5	1
7.5.2.6	16544
7.5.2.7	28746
7.5.2.8	1
7.5.2.9	2
7.6.2.10	9240
7.6.2.11	59710
7.6.2.12	2
7.6.2.13	3014
7.6.2.14	16250
7.6.2.15	7444
7.6.2.16	1
7.6.2.2	2302
7.6.2.5	18832
7.6.2.7	7306
7.6.2.8	3510
7.6.2.9	5
1.1.3.10	12
1.1.3.20	367
1.14.11.4	5
1.14.11.7	27
1.14.11.8	15
1.14.13.8	316
1.14.18.2	147
1.14.99.1	1
1.17.4.4	9
1.1.99.24	1143
1.2.7.5	1
1.2.7.8	4522
1.3.1.74	1
1.3.1.75	582
1.5.1.7	1788
1.6.3.1	316
1.8.1.12	11
1.8.3.2	110
1.8.98.2	324
2.1.1.206	14
2.1.1.233	2
2.1.1.360	148
2.1.1.372	1
2.1.1.86	8
2.3.1.257	3
2.3.1.38	124
2.3.1.85	124
2.3.1.97	8
2.3.3.8	760
2.4.1.123	4
2.4.1.132	85
2.4.1.207	2
2.4.1.255	1257
2.4.1.257	85
2.5.1.108	12
2.5.1.46	1
2.5.1.89	1
2.7.10.1	1
2.7.11.23	1
2.7.11.24	24
2.7.1.161	114
2.7.1.36	3498
2.7.4.14	1
2.7.4.26	522
2.7.7.79	436
2.9.1.2	4
3.1.13.4	2
3.1.1.53	2
3.1.3.24	292
3.1.3.33	11
3.1.4.38	2
3.2.1.101	5
3.2.1.6	165
3.4.19.1	1811
3.4.19.12	84
3.4.19.9	1
3.4.24.24	1
3.4.24.71	3
3.5.1.122	60
3.5.1.89	774
3.5.4.6	2
3.6.1.16	4
3.6.1.29	15
3.6.1.53	4
3.6.4.6	2
3.6.5.3	1
3.7.1.2	8418
4.1.1.33	3366
4.1.1.35	13788
4.1.3.44	8
4.3.1.4	1659
4.3.2.5	239
4.6.1.2	463
5.2.1.13	529
5.3.4.1	2
5.3.99.3	1
5.5.1.6	1
6.2.1.13	3
6.2.1.45	1
6.5.1.3	91
7.6.2.1	3
